Date,Brewery,Beer,Style,Scott,Ellen,Notes,Location
2023-01-01,Brewery 0,Beer 0,IPA,,,note 0,"Denver, CO"
2024-02-02,Brewery 1,Beer 1,Hazy IPA,5.4,4.6,note 1,"Boulder, CO"
2025-03-03,Brewery 2,Beer 2,Pilsner,6.4,4.9,note 2,"Austin, TX"
2026-04-04,Brewery 3,Beer 3,Lager,4.4,6.4,note 3,"Munich, Germany"
2023-05-05,Brewery 4,Beer 4,Stout,9.5,8.8,note 4,"Tokyo, Japan"
2024-06-06,Brewery 5,Beer 5,Sour,8.6,5.3,note 5,"Portland, OR"
2025-07-07,Brewery 6,Beer 6,Porter,,7.2,note 6,
2026-08-08,Brewery 7,Beer 7,Pale Ale,5.7,,note 7,"Denver, CO"
2023-09-09,Brewery 8,Beer 8,Saison,5.0,4.6,note 8,"Boulder, CO"
2024-10-10,Brewery 9,Beer 9,Amber,5.3,9.6,note 9,"Austin, TX"
2025-11-11,Brewery 10,Beer 10,IPA,9.0,8.8,note 10,"Munich, Germany"
2026-12-12,Brewery 11,Beer 11,Hazy IPA,8.8,5.2,note 11,"Tokyo, Japan"
2023-01-13,Brewery 12,Beer 12,Pilsner,,5.9,note 12,"Portland, OR"
2024-02-14,Brewery 13,Beer 13,Lager,7.8,8.4,note 13,
2025-03-15,Brewery 14,Beer 14,Stout,9.1,,note 14,"Denver, CO"
2026-04-16,Brewery 15,Beer 15,Sour,9.3,4.5,note 15,"Boulder, CO"
2023-05-17,Brewery 16,Beer 16,Porter,7.6,8.0,note 16,"Austin, TX"
2024-06-18,Brewery 17,Beer 17,Pale Ale,7.0,5.1,note 17,"Munich, Germany"
2025-07-19,Brewery 18,Beer 18,Saison,,6.8,note 18,"Tokyo, Japan"
2026-08-20,Brewery 19,Beer 19,Amber,4.5,9.6,note 19,"Portland, OR"
2023-09-21,Brewery 20,Beer 20,IPA,9.2,7.3,note 20,
2024-10-22,Brewery 21,Beer 21,Hazy IPA,5.8,,note 21,"Denver, CO"
2025-11-23,Brewery 22,Beer 22,Pilsner,9.5,7.4,note 22,"Boulder, CO"
2026-12-24,Brewery 23,Beer 23,Lager,9.3,9.1,note 23,"Austin, TX"
2023-01-25,Brewery 24,Beer 24,Stout,,7.1,note 24,"Munich, Germany"
2024-02-26,Brewery 25,Beer 25,Sour,6.5,7.6,note 25,"Tokyo, Japan"
2025-03-27,Brewery 26,Beer 26,Porter,6.6,5.0,note 26,"Portland, OR"
2026-04-01,Brewery 27,Beer 27,Pale Ale,5.8,8.9,note 27,
2023-05-02,Brewery 28,Beer 28,Saison,4.3,,note 28,"Denver, CO"
2024-06-03,Brewery 29,Beer 29,Amber,4.3,7.8,note 29,"Boulder, CO"
2025-07-04,Brewery 30,Beer 30,IPA,,5.7,note 30,"Austin, TX"
2026-08-05,Brewery 0,Beer 31,Hazy IPA,7.2,6.8,note 31,"Munich, Germany"
2023-09-06,Brewery 1,Beer 32,Pilsner,6.1,10.0,note 32,"Tokyo, Japan"
2024-10-07,Brewery 2,Beer 33,Lager,5.2,6.5,note 33,"Portland, OR"
2025-11-08,Brewery 3,Beer 34,Stout,5.2,7.8,note 34,
2026-12-09,Brewery 4,Beer 35,Sour,5.7,,note 35,"Denver, CO"
2023-01-10,Brewery 5,Beer 36,Porter,,6.1,note 36,"Boulder, CO"
2024-02-11,Brewery 6,Beer 37,Pale Ale,8.5,5.9,note 37,"Austin, TX"
2025-03-12,Brewery 7,Beer 38,Saison,7.4,9.4,note 38,"Munich, Germany"
2026-04-13,Brewery 8,Beer 39,Amber,4.6,4.4,note 39,"Tokyo, Japan"
2023-05-14,Brewery 9,Beer 40,IPA,5.4,8.6,note 40,"Portland, OR"
2024-06-15,Brewery 10,Beer 41,Hazy IPA,7.7,5.4,note 41,
2025-07-16,Brewery 11,Beer 42,Pilsner,,,note 42,"Denver, CO"
2026-08-17,Brewery 12,Beer 43,Lager,6.0,5.1,note 43,"Boulder, CO"
2023-09-18,Brewery 13,Beer 44,Stout,6.8,4.3,note 44,"Austin, TX"
2024-10-19,Brewery 14,Beer 45,Sour,8.2,9.4,note 45,"Munich, Germany"
2025-11-20,Brewery 15,Beer 46,Porter,9.7,8.4,note 46,"Tokyo, Japan"
2026-12-21,Brewery 16,Beer 47,Pale Ale,9.8,4.1,note 47,"Portland, OR"
2023-01-22,Brewery 17,Beer 48,Saison,,5.7,note 48,
2024-02-23,Brewery 18,Beer 49,Amber,9.8,,note 49,"Denver, CO"
2025-03-24,Brewery 19,Beer 50,IPA,8.7,6.5,note 50,"Boulder, CO"
2026-04-25,Brewery 20,Beer 51,Hazy IPA,9.7,7.7,note 51,"Austin, TX"
2023-05-26,Brewery 21,Beer 52,Pilsner,8.9,5.8,note 52,"Munich, Germany"
2024-06-27,Brewery 22,Beer 53,Lager,5.1,6.7,note 53,"Tokyo, Japan"
2025-07-01,Brewery 23,Beer 54,Stout,,4.8,note 54,"Portland, OR"
2026-08-02,Brewery 24,Beer 55,Sour,6.3,9.8,note 55,
2023-09-03,Brewery 25,Beer 56,Porter,6.0,,note 56,"Denver, CO"
2024-10-04,Brewery 26,Beer 57,Pale Ale,4.1,4.3,note 57,"Boulder, CO"
2025-11-05,Brewery 27,Beer 58,Saison,5.0,8.7,note 58,"Austin, TX"
2026-12-06,Brewery 28,Beer 59,Amber,6.2,5.7,note 59,"Munich, Germany"
2023-01-07,Brewery 29,Beer 60,IPA,,4.6,note 60,"Tokyo, Japan"
2024-02-08,Brewery 30,Beer 61,Hazy IPA,9.9,6.5,note 61,"Portland, OR"
2025-03-09,Brewery 0,Beer 62,Pilsner,5.2,4.4,note 62,
2026-04-10,Brewery 1,Beer 63,Lager,4.3,,note 63,"Denver, CO"
2023-05-11,Brewery 2,Beer 64,Stout,5.0,8.1,note 64,"Boulder, CO"
2024-06-12,Brewery 3,Beer 65,Sour,4.9,4.2,note 65,"Austin, TX"
2025-07-13,Brewery 4,Beer 66,Porter,,6.9,note 66,"Munich, Germany"
2026-08-14,Brewery 5,Beer 67,Pale Ale,5.5,10.0,note 67,"Tokyo, Japan"
2023-09-15,Brewery 6,Beer 68,Saison,4.7,7.2,note 68,"Portland, OR"
2024-10-16,Brewery 7,Beer 69,Amber,8.6,6.5,note 69,
2025-11-17,Brewery 8,Beer 70,IPA,9.9,,note 70,"Denver, CO"
2026-12-18,Brewery 9,Beer 71,Hazy IPA,6.9,5.5,note 71,"Boulder, CO"
2023-01-19,Brewery 10,Beer 72,Pilsner,,6.5,note 72,"Austin, TX"
2024-02-20,Brewery 11,Beer 73,Lager,4.2,6.5,note 73,"Munich, Germany"
2025-03-21,Brewery 12,Beer 74,Stout,5.5,9.3,note 74,"Tokyo, Japan"
2026-04-22,Brewery 13,Beer 75,Sour,9.0,7.0,note 75,"Portland, OR"
2023-05-23,Brewery 14,Beer 76,Porter,4.2,5.5,note 76,
2024-06-24,Brewery 15,Beer 77,Pale Ale,5.5,,note 77,"Denver, CO"
2025-07-25,Brewery 16,Beer 78,Saison,,5.2,note 78,"Boulder, CO"
2026-08-26,Brewery 17,Beer 79,Amber,5.4,9.2,note 79,"Austin, TX"
2023-09-27,Brewery 18,Beer 80,IPA,4.9,4.3,note 80,"Munich, Germany"
2024-10-01,Brewery 19,Beer 81,Hazy IPA,9.6,7.4,note 81,"Tokyo, Japan"
2025-11-02,Brewery 20,Beer 82,Pilsner,9.9,6.4,note 82,"Portland, OR"
2026-12-03,Brewery 21,Beer 83,Lager,9.4,7.9,note 83,
2023-01-04,Brewery 22,Beer 84,Stout,,,note 84,"Denver, CO"
2024-02-05,Brewery 23,Beer 85,Sour,8.7,8.5,note 85,"Boulder, CO"
2025-03-06,Brewery 24,Beer 86,Porter,7.0,4.6,note 86,"Austin, TX"
2026-04-07,Brewery 25,Beer 87,Pale Ale,5.3,9.2,note 87,"Munich, Germany"
2023-05-08,Brewery 26,Beer 88,Saison,9.4,9.5,note 88,"Tokyo, Japan"
2024-06-09,Brewery 27,Beer 89,Amber,6.0,7.9,note 89,"Portland, OR"
2025-07-10,Brewery 28,Beer 90,IPA,,8.8,note 90,
2026-08-11,Brewery 29,Beer 91,Hazy IPA,7.9,,note 91,"Denver, CO"
2023-09-12,Brewery 30,Beer 92,Pilsner,8.9,7.2,note 92,"Boulder, CO"
2024-10-13,Brewery 0,Beer 93,Lager,7.9,8.1,note 93,"Austin, TX"
2025-11-14,Brewery 1,Beer 94,Stout,5.6,9.5,note 94,"Munich, Germany"
2026-12-15,Brewery 2,Beer 95,Sour,9.7,4.4,note 95,"Tokyo, Japan"
2023-01-16,Brewery 3,Beer 96,Porter,,9.8,note 96,"Portland, OR"
2024-02-17,Brewery 4,Beer 97,Pale Ale,9.8,8.0,note 97,
2025-03-18,Brewery 5,Beer 98,Saison,4.3,,note 98,"Denver, CO"
2026-04-19,Brewery 6,Beer 99,Amber,9.4,4.8,note 99,"Boulder, CO"
2023-05-20,Brewery 7,Beer 100,IPA,9.8,8.0,note 100,"Austin, TX"
2024-06-21,Brewery 8,Beer 101,Hazy IPA,4.4,5.0,note 101,"Munich, Germany"
2025-07-22,Brewery 9,Beer 102,Pilsner,,7.8,note 102,"Tokyo, Japan"
2026-08-23,Brewery 10,Beer 103,Lager,7.4,8.5,note 103,"Portland, OR"
2023-09-24,Brewery 11,Beer 104,Stout,9.6,5.3,note 104,
2024-10-25,Brewery 12,Beer 105,Sour,4.0,,note 105,"Denver, CO"
2025-11-26,Brewery 13,Beer 106,Porter,9.5,4.1,note 106,"Boulder, CO"
2026-12-27,Brewery 14,Beer 107,Pale Ale,9.3,4.7,note 107,"Austin, TX"
2023-01-01,Brewery 15,Beer 108,Saison,,8.9,note 108,"Munich, Germany"
2024-02-02,Brewery 16,Beer 109,Amber,8.7,9.3,note 109,"Tokyo, Japan"
2025-03-03,Brewery 17,Beer 110,IPA,7.3,9.3,note 110,"Portland, OR"
2026-04-04,Brewery 18,Beer 111,Hazy IPA,5.2,8.0,note 111,
2023-05-05,Brewery 19,Beer 112,Pilsner,6.0,,note 112,"Denver, CO"
2024-06-06,Brewery 20,Beer 113,Lager,9.4,8.6,note 113,"Boulder, CO"
2025-07-07,Brewery 21,Beer 114,Stout,,6.8,note 114,"Austin, TX"
2026-08-08,Brewery 22,Beer 115,Sour,7.2,4.2,note 115,"Munich, Germany"
2023-09-09,Brewery 23,Beer 116,Porter,4.2,7.6,note 116,"Tokyo, Japan"
2024-10-10,Brewery 24,Beer 117,Pale Ale,6.9,9.2,note 117,"Portland, OR"
2025-11-11,Brewery 25,Beer 118,Saison,7.6,4.8,note 118,
2026-12-12,Brewery 26,Beer 119,Amber,6.2,,note 119,"Denver, CO"
2023-01-13,Brewery 27,Beer 120,IPA,,8.6,note 120,"Boulder, CO"
2024-02-14,Brewery 28,Beer 121,Hazy IPA,7.1,4.1,note 121,"Austin, TX"
2025-03-15,Brewery 29,Beer 122,Pilsner,9.0,9.0,note 122,"Munich, Germany"
2026-04-16,Brewery 30,Beer 123,Lager,4.5,7.3,note 123,"Tokyo, Japan"
2023-05-17,Brewery 0,Beer 124,Stout,6.3,8.7,note 124,"Portland, OR"
2024-06-18,Brewery 1,Beer 125,Sour,5.9,5.4,note 125,
2025-07-19,Brewery 2,Beer 126,Porter,,,note 126,"Denver, CO"
2026-08-20,Brewery 3,Beer 127,Pale Ale,6.9,9.8,note 127,"Boulder, CO"
2023-09-21,Brewery 4,Beer 128,Saison,4.6,4.7,note 128,"Austin, TX"
2024-10-22,Brewery 5,Beer 129,Amber,7.7,9.3,note 129,"Munich, Germany"
2025-11-23,Brewery 6,Beer 130,IPA,7.1,6.6,note 130,"Tokyo, Japan"
2026-12-24,Brewery 7,Beer 131,Hazy IPA,9.1,8.7,note 131,"Portland, OR"
2023-01-25,Brewery 8,Beer 132,Pilsner,,4.4,note 132,
2024-02-26,Brewery 9,Beer 133,Lager,9.3,,note 133,"Denver, CO"
2025-03-27,Brewery 10,Beer 134,Stout,5.2,5.8,note 134,"Boulder, CO"
2026-04-01,Brewery 11,Beer 135,Sour,9.0,6.5,note 135,"Austin, TX"
2023-05-02,Brewery 12,Beer 136,Porter,8.8,5.0,note 136,"Munich, Germany"
2024-06-03,Brewery 13,Beer 137,Pale Ale,9.2,5.1,note 137,"Tokyo, Japan"
2025-07-04,Brewery 14,Beer 138,Saison,,4.9,note 138,"Portland, OR"
2026-08-05,Brewery 15,Beer 139,Amber,7.0,6.0,note 139,
2023-09-06,Brewery 16,Beer 140,IPA,7.3,,note 140,"Denver, CO"
2024-10-07,Brewery 17,Beer 141,Hazy IPA,9.4,8.3,note 141,"Boulder, CO"
2025-11-08,Brewery 18,Beer 142,Pilsner,4.0,5.9,note 142,"Austin, TX"
2026-12-09,Brewery 19,Beer 143,Lager,7.3,6.9,note 143,"Munich, Germany"
2023-01-10,Brewery 20,Beer 144,Stout,,8.3,note 144,"Tokyo, Japan"
2024-02-11,Brewery 21,Beer 145,Sour,6.9,4.5,note 145,"Portland, OR"
2025-03-12,Brewery 22,Beer 146,Porter,5.5,9.1,note 146,
2026-04-13,Brewery 23,Beer 147,Pale Ale,6.1,,note 147,"Denver, CO"
2023-05-14,Brewery 24,Beer 148,Saison,8.6,9.9,note 148,"Boulder, CO"
2024-06-15,Brewery 25,Beer 149,Amber,7.8,8.1,note 149,"Austin, TX"
